2024-07-27,Medallion,Software Engineer,Applied,Entry Level
2024-07-27,Hopper,Data Analyst,Applied,Needed 3+ years of experience and fluency with SQL.

2024-07-27,Github,Machine Learning Engineer,Applied,US - Remote
2024-07-27,Microsoft,Machine Learning Engineer,Applied,Needed 2+ years of experience. US - Multiple Location
2024-07-27,Vision Bridge AI,Machine Learning Engineer,Applied,needed Google Cloud experience. 
2024-07-27,Attis,Machine Learning Engineer,Applied,3+ Years of experience
2024-07-27,Sheppardbus,Software Engineer,Applied,Junior Position. 
2024-07-27,Talent,Machine Learning Engineer,Applied,Wanted LLM expertise. Wants 15 hours per week. 
2024-07-27,Swift Technologies Inc,Machine Learning Engineer,Applied,They wants a chatbot developer with 10+ years of experience. 
2024-07-27,Compunnel INc,Software Engineer,Applied,Wants 3-5 years of experience.  
2024-07-27,Fedi,Data Engineer,Applied,Wants efficiency with SQL and understanding of RUST. 
2024-07-27,Netflix,Data Engineer,Applied,Needs 5+ years of experience. May Be later. 
2024-07-27,Robert Half,Data Engineer,Applied,It may not sponsor. 
2024-07-27,Capgemini Engineering,Data Engineer,Applied,Fluency with SQL
2024-07-27,Motion Recruitment,Machine Learning Engineer,Applied,May be consultancy. 
2024-07-27,Convergenz,Software Engineer,Applied,Small company it's a contract role. 
2024-07-27,Infosys,Data Engineer,Applied,They want Visual Basic understanding. 
2024-07-27,Cedar,Software Engineer,Applied,They work in Medical Care. 
2024-07-27,PostPilot,Data Engineer,Applied,This is the first job `Data Engineer`. 
2024-07-27,Dot Square Lab,Machine Learning Engineer,Applied,This is based on London Area UK
2024-07-27,Prevail Partners Limited!,Machine Learning Engineer,Applied,This is based in London
2024-07-27,Heart Mind talent,Machine Learning Engineer,Applied,This is a startup. You are perfect fit
2024-07-27,Adecco,Machine Learning Engineer,Applied,
2024-07-27,CausaLens,Machine Learning Engineer,Applied,This is a unicorn: Recently Raised 45M. Contact personally. 
2024-07-27,Vitol,Machine Learning Engineer,Applied,
2024-07-27,BuilderAI,Machine Learning Engineer,Applied,
2024-07-27,Be Amazed Media LTD,Machine Learning Engineer,Applied,
2024-07-27,Polaron,Machine Learning Engineer,Applied,
2024-07-27,Sony,Machine Learning Engineer,Applied,I have mentioned that I am eligible for Dependent VISA
2024-08-02,Nitor Infotech,Machine Learning Engineer,Applied,Job is in Dallas TX USA
2024-08-02,IBM,Machine Learning Engineer,Applied,
2024-08-02,Photon,Machine Learning Engineer,Applied,Through Linkedin Easy Apply.Wanted to know about the `application infrastructure`.  
2024-08-02,DoorDash,Machine Learning Engineer,Applied,Needs someone with 3+ years of experience. Slim chances.
2024-08-02,Citi,Data Engineer,Applied,Its a partly remote job in NY
2024-08-02,Compunnel Inc.,Data Scientist,Applied,Through LinkedIn Easy. 
2024-08-02,Twilio,Machine Learning Engineer,Applied,
2024-08-02,WhatNot,Machine Learning Engineer,Applied,The position is Software Engineer Machine Learning
2024-08-02,Microsoft,Software Engineer,Applied,Software Engineer 2 Machine Learning. 
2024-08-02,NoRedInk,Machine Learning Engineer,Applied,
2024-08-02,Wolf River Electric,Data Analyst,Applied,Part Time job pay at 27$ an Hour.
2024-08-02,Oscar Technology,Machine Learning Engineer,Applied,London based job. 
2024-08-02,IC Resources,Machine Learning Engineer,Applied,Based in Oxford UK
2024-08-02,Oscar,Machine Learning Engineer,Applied,Based in London
2024-08-02,Generative,Machine Learning Engineer,Applied,Needs knowledge of Financial Data
2024-08-02,Stanford Blank Limited,Machine Learning Engineer,Applied,Consultancy. 
2024-08-02,ASOS,Machine Learning Engineer,Applied,
2024-08-02,Xcede,Machine Learning Engineer,Applied,
2024-08-02,NexGen,Machine Learning Engineer,Applied,
2024-08-02,NDK Tech,Machine Learning Engineer,Applied,High paying job
2024-08-02,Defense Sector Cambridge,Machine Learning Engineer,Applied,
2024-08-02,Nykaa,Machine Learning Engineer,Applied,
2024-08-02,Paypal,Machine Learning Engineer,Applied,Bangalore 
2024-08-02,Jio,Machine Learning Engineer,Applied,Asked for 25 lakhs
2024-08-02,Wipro,Machine Learning Engineer,Applied,
2024-08-02,HARMAN,Machine Learning Engineer,Applied,
2024-08-02,Kuku FM,Machine Learning Engineer,Applied,
2024-08-02,EXL,Machine Learning Engineer,Applied,
2024-08-03,LTMindTree,Machine Learning Engineer,Applied,
2024-08-03,Tata Consultancy,Machine Learning Engineer,Applied,
2024-08-03,Amelia,Machine Learning Engineer,Applied,
2024-08-07,Gap Solution INC,Machine Learning Engineer,Applied,Mostly a consultancy. 
2024-08-10,Test,Machine Learning Engineer,Applied,Test
